{
  "IcoMoonType": "selection",
  "icons": [
    {
      "icon": {
        "paths": [
          "M128 32h768c53.019 0 96 42.981 96 96v768c0 53.019-42.981 96-96 96h-768c-53.019 0-96-42.981-96-96v-768c0-53.019 42.981-96 96-96z",
          "M128 32h768c53.019 0 96 42.981 96 96v768c0 53.019-42.981 96-96 96h-768c-53.019 0-96-42.981-96-96v-768c0-53.019 42.981-96 96-96z",
          "M732.518 272.324c11.059-10.586 25.773-16.438 41.043-16.322s29.901 6.191 40.8 16.944c10.899 10.753 17.216 25.342 17.619 40.689s-5.139 30.252-15.456 41.568l-313.256 393.878c-5.387 5.83-11.888 10.509-19.115 13.76s-15.032 4.998-22.947 5.146c-7.916 0.147-15.779-1.312-23.121-4.288s-14.011-7.411-19.608-13.043l-207.737-208.855c-5.786-5.42-10.426-11.955-13.644-19.217s-4.949-15.101-5.089-23.050c-0.14-7.949 1.315-15.844 4.276-23.215s7.37-14.068 12.961-19.69c5.592-5.621 12.252-10.053 19.584-13.030s15.185-4.44 23.091-4.3c7.906 0.14 15.703 1.88 22.926 5.116s13.724 7.901 19.114 13.717l164.399 165.207 272.666-349.279c0.486-0.608 1.011-1.187 1.568-1.736h-0.077z"
        ],
        "attrs": [
          {
            "fill": "rgb(64, 75, 191)"
          },
          {
            "fill": "none",
            "stroke": "rgb(64, 75, 191)",
            "strokeLinejoin": "miter",
            "strokeLinecap": "butt",
            "strokeMiterlimit": "4",
            "strokeWidth": 64
          },
          {
            "fill": "rgb(244, 244, 253)"
          }
        ],
        "isMulticolor": true,
        "isMulticolor2": true,
        "grid": 0,
        "tags": [
          "Property-1=click"
        ],
        "colorPermutations": {
          "244244253146476616475191177902291": [
            {
              "f": 1
            },
            {
              "s": 1
            },
            {
              "f": 3
            }
          ]
        }
      },
      "attrs": [
        {
          "fill": "rgb(64, 75, 191)"
        },
        {
          "fill": "none",
          "stroke": "rgb(64, 75, 191)",
          "strokeLinejoin": "miter",
          "strokeLinecap": "butt",
          "strokeMiterlimit": "4",
          "strokeWidth": 64
        },
        {
          "fill": "rgb(244, 244, 253)"
        }
      ],
      "properties": {
        "order": 53,
        "id": 17,
        "name": "Property-1click",
        "prevSize": 32
      },
      "setIdx": 0,
      "setId": 3,
      "iconIdx": 0
    },
    {
      "icon": {
        "paths": [
          "M128 32h768c53.019 0 96 42.981 96 96v768c0 53.019-42.981 96-96 96h-768c-53.019 0-96-42.981-96-96v-768c0-53.019 42.981-96 96-96z"
        ],
        "attrs": [
          {
            "fill": "none",
            "strokeLinejoin": "miter",
            "strokeLinecap": "butt",
            "strokeMiterlimit": "4",
            "strokeWidth": 64
          }
        ],
        "isMulticolor": false,
        "isMulticolor2": false,
        "grid": 0,
        "tags": [
          "Checkbox"
        ],
        "colorPermutations": {
          "244244253146476616475191177902291": [
            {
              "s": 0
            }
          ]
        }
      },
      "attrs": [
        {
          "fill": "none",
          "strokeLinejoin": "miter",
          "strokeLinecap": "butt",
          "strokeMiterlimit": "4",
          "strokeWidth": 64
        }
      ],
      "properties": {
        "order": 52,
        "id": 16,
        "name": "Checkbox",
        "prevSize": 32
      },
      "setIdx": 0,
      "setId": 3,
      "iconIdx": 1
    },
    {
      "icon": {
        "paths": [
          "M1024 103.131l-103.131-103.131-408.869 408.869-408.869-408.869-103.131 103.131 408.869 408.869-408.869 408.869 103.131 103.131 408.869-408.869 408.869 408.869 103.131-103.131-408.869-408.869 408.869-408.869z"
        ],
        "attrs": [
          {}
        ],
        "isMulticolor": false,
        "isMulticolor2": false,
        "grid": 0,
        "tags": [
          "close-black-18dp"
        ],
        "colorPermutations": {
          "244244253146476616475191177902291": [
            {}
          ]
        }
      },
      "attrs": [
        {}
      ],
      "properties": {
        "order": 39,
        "id": 15,
        "name": "close-black-18dp",
        "prevSize": 32
      },
      "setIdx": 0,
      "setId": 3,
      "iconIdx": 2
    },
    {
      "icon": {
        "paths": [
          "M640 256h-512c-35.2 0-63.68 28.8-63.68 64l-0.32 384c0 35.2 28.8 64 64 64h512c35.2 0 64-28.8 64-64v-384c0-35.2-28.8-64-64-64zM627.2 392l-226.24 141.44c-10.24 6.4-23.68 6.4-33.92 0l-226.24-141.44c-8-5.12-12.8-13.76-12.8-23.040 0-21.44 23.36-34.24 41.6-23.040l214.4 134.080 214.4-134.080c18.24-11.2 41.6 1.6 41.6 23.040 0 9.28-4.8 17.92-12.8 23.040z"
        ],
        "attrs": [
          {}
        ],
        "width": 768,
        "isMulticolor": false,
        "isMulticolor2": false,
        "grid": 0,
        "tags": [
          "email-black-18dp"
        ],
        "colorPermutations": {
          "244244253146476616475191177902291": [
            {}
          ]
        }
      },
      "attrs": [
        {}
      ],
      "properties": {
        "order": 40,
        "id": 14,
        "name": "email-black-18dp",
        "prevSize": 32
      },
      "setIdx": 0,
      "setId": 3,
      "iconIdx": 3
    },
    {
      "icon": {
        "paths": [
          "M384 512c70.72 0 128-57.28 128-128s-57.28-128-128-128c-70.72 0-128 57.28-128 128s57.28 128 128 128zM384 576c-85.44 0-256 42.88-256 128v32c0 17.6 14.4 32 32 32h448c17.6 0 32-14.4 32-32v-32c0-85.12-170.56-128-256-128z",
          "M965.333 154.667v714.667"
        ],
        "attrs": [
          {
            "fill": "rgb(77, 90, 229)"
          },
          {
            "fill": "none",
            "stroke": "rgb(46, 47, 66)",
            "strokeLinejoin": "miter",
            "strokeLinecap": "round",
            "strokeMiterlimit": "4",
            "strokeWidth": 53.33333333333333
          }
        ],
        "isMulticolor": false,
        "isMulticolor2": true,
        "grid": 0,
        "tags": [
          "person"
        ],
        "colorPermutations": {
          "244244253146476616475191177902291": [
            {
              "f": 2
            },
            {
              "s": 0
            }
          ]
        }
      },
      "attrs": [
        {
          "fill": "rgb(77, 90, 229)"
        },
        {
          "fill": "none",
          "stroke": "rgb(46, 47, 66)",
          "strokeLinejoin": "miter",
          "strokeLinecap": "round",
          "strokeMiterlimit": "4",
          "strokeWidth": 53.33333333333333
        }
      ],
      "properties": {
        "order": 41,
        "id": 13,
        "name": "person",
        "prevSize": 32
      },
      "setIdx": 0,
      "setId": 3,
      "iconIdx": 4
    },
    {
      "icon": {
        "paths": [
          "M628.322 591.578l-78.43-8.956c-18.833-2.159-37.359 4.326-50.637 17.6l-56.815 56.815c-87.381-44.463-159.016-115.789-203.479-203.477l57.122-57.125c13.277-13.277 19.761-31.803 17.6-50.639l-8.954-77.81c-3.705-31.186-29.951-54.653-61.445-54.653h-53.417c-34.891 0-63.916 29.024-61.754 63.916 16.365 263.692 227.255 474.273 490.634 490.636 34.893 2.163 63.915-26.863 63.915-61.751v-53.419c0.311-31.185-23.155-57.429-54.34-61.137z"
        ],
        "attrs": [
          {}
        ],
        "width": 768,
        "isMulticolor": false,
        "isMulticolor2": false,
        "grid": 0,
        "tags": [
          "phone-black-18dp"
        ],
        "colorPermutations": {
          "244244253146476616475191177902291": [
            {}
          ]
        }
      },
      "attrs": [
        {}
      ],
      "properties": {
        "order": 42,
        "id": 12,
        "name": "phone-black-18dp",
        "prevSize": 32
      },
      "setIdx": 0,
      "setId": 3,
      "iconIdx": 5
    },
    {
      "icon": {
        "paths": [
          "M984.741 707.123l-270.182-272.162 29.986-147.696c7.738 3.021 15.965 4.6 24.269 4.659h0.205c38.154 0.451 69.446-30.112 69.899-68.264s-30.112-69.446-68.264-69.899c-38.154-0.45-69.446 30.112-69.899 68.265-0.096 8.163 1.254 16.278 3.992 23.971l-158.72 19.371-258.902-260.25c-3.176-3.241-7.512-5.084-12.050-5.12-4.48 0.023-8.77 1.807-11.946 4.966l-48.402 48.128c-6.662 6.664-6.662 17.468 0 24.132l26.043 26.419c-100.897 185.533-68.125 415.29 80.624 565.213 1.365 1.306 2.947 2.362 4.675 3.123-1.075 5.776-1.635 11.635-1.672 17.51v197.974h-204.8c-47.104 0.054-85.278 38.229-85.333 85.333v34.133c0 9.426 7.642 17.067 17.067 17.067h785.066c9.426 0 17.067-7.642 17.067-17.067v-34.133c-0.056-47.104-38.229-85.278-85.333-85.333h-204.8v-87.741c32.083 6.73 64.771 10.16 97.552 10.24 78.661-0.085 156.069-19.694 225.28-57.070l26.181 26.334c3.176 3.24 7.512 5.083 12.050 5.12 4.48-0.024 8.77-1.808 11.946-4.966l48.402-48.128c6.662-6.666 6.662-17.469 0-24.133zM744.954 199.458c13.366-13.294 34.979-13.235 48.272 0.131 13.294 13.365 13.235 34.978-0.131 48.27-6.397 6.363-15.054 9.934-24.078 9.933h-0.102c-18.85-0.098-34.054-15.458-33.957-34.31 0.048-9.024 3.666-17.659 10.064-24.024h-0.067zM704.779 311.603l-19.149 94.259-37.616-37.837 56.765-56.422zM685.392 282.744l-61.44 61.082-47.531-47.787 108.971-13.294zM768.131 921.6c28.277 0 51.2 22.923 51.2 51.2v17.067h-750.934v-17.067c0-28.277 22.923-51.2 51.2-51.2h648.534zM529.197 853.333v34.134h-170.667v-34.134h170.667zM358.53 819.2v-129.707c0-41.403 38.282-75.093 85.334-75.093s85.333 33.69 85.333 75.093v129.707h-170.667zM563.331 764.928v-75.435c0-60.227-53.59-109.226-119.467-109.226-42.595-0.653-82.424 21.027-104.995 57.155-129.846-136.762-159.086-340.646-72.915-508.388l595.259 598.671c-91.917 46.758-197.285 59.923-297.882 37.222zM924.581 743.048l-673.827-677.785 24.15-24.064 253.917 255.352c0.12 0 0.189 0.222 0.309 0.307l419.669 422.126-24.218 24.064z",
          "M444.018 648.533h-0.154c-28.277-0.043-51.234 22.846-51.277 51.123s22.846 51.234 51.123 51.277h0.154c28.277 0.043 51.234-22.846 51.277-51.123 0.042-28.277-22.846-51.234-51.123-51.277zM455.965 711.834c-3.213 3.195-7.568 4.982-12.101 4.966-9.426-0.050-17.026-7.73-16.978-17.155 0.024-4.512 1.834-8.829 5.030-12.013 3.178-3.158 7.467-4.942 11.947-4.966 9.426 0.050 17.026 7.73 16.978 17.155-0.024 4.512-1.834 8.829-5.030 12.013h0.154z"
        ],
        "attrs": [
          {
            "fill": "rgb(46, 47, 66)"
          },
          {
            "fill": "rgb(77, 90, 229)"
          }
        ],
        "isMulticolor": true,
        "isMulticolor2": false,
        "grid": 0,
        "tags": [
          "antenna1"
        ],
        "colorPermutations": {
          "244244253146476616475191177902291": [
            {
              "f": 0
            },
            {
              "f": 2
            }
          ]
        }
      },
      "attrs": [
        {
          "fill": "rgb(46, 47, 66)"
        },
        {
          "fill": "rgb(77, 90, 229)"
        }
      ],
      "properties": {
        "order": 43,
        "id": 11,
        "name": "antenna1",
        "prevSize": 32
      },
      "setIdx": 0,
      "setId": 3,
      "iconIdx": 6
    },
    {
      "icon": {
        "paths": [
          "M1023.17 144.77c-2.014-6.162-7.338-10.666-13.773-11.606l-61.133-8.892-27.358-55.399c-5.733-11.674-24.866-11.674-30.6 0l-27.358 55.399-61.134 8.894c-6.434 0.938-11.758 5.428-13.79 11.606-1.997 6.178-0.342 12.97 4.318 17.494l44.254 43.13-10.445 60.894c-1.091 6.4 1.536 12.869 6.776 16.693 5.309 3.858 12.237 4.334 17.989 1.296l54.683-28.758 54.683 28.758c2.491 1.314 5.24 1.962 7.954 1.962 3.531 0 7.066-1.091 10.035-3.259 5.256-3.822 7.885-10.293 6.776-16.693l-10.443-60.894 44.254-43.13c4.637-4.54 6.31-11.316 4.312-17.494zM944.357 187.232c-4.010 3.909-5.854 9.574-4.898 15.106l6.109 35.651-32.016-16.827c-2.491-1.315-5.222-1.963-7.954-1.963s-5.445 0.648-7.955 1.963l-32.018 16.827 6.11-35.651c0.955-5.531-0.888-11.179-4.899-15.106l-25.923-25.258 35.806-5.206c5.563-0.802 10.36-4.3 12.851-9.336l16.010-32.426 16.008 32.426c2.491 5.034 7.288 8.534 12.851 9.336l35.806 5.206-25.89 25.258z",
          "M836.27 656.71h-34.134v34.134h34.134v-34.134z",
          "M836.27 724.979h-34.134v34.134h34.134v-34.134z",
          "M870.405 690.845h-34.134v34.134h34.134v-34.134z",
          "M802.139 690.845h-34.134v34.134h34.134v-34.134z",
          "M716.803 844.448h-34.134v34.133h34.134v-34.133z",
          "M716.803 912.714h-34.134v34.136h34.134v-34.136z",
          "M750.938 878.581h-34.134v34.136h34.134v-34.136z",
          "M682.669 878.581h-34.134v34.136h34.134v-34.136z",
          "M512 776.181h-34.134v34.134h34.134v-34.134z",
          "M512 844.448h-34.134v34.133h34.134v-34.133z",
          "M546.134 810.312h-34.134v34.134h34.134v-34.134z",
          "M477.866 810.312h-34.134v34.134h34.134v-34.134z",
          "M187.728 195.902h-34.134v34.134h34.134v-34.134z",
          "M187.728 264.173h-34.134v34.134h34.134v-34.134z",
          "M221.861 230.038h-34.134v34.134h34.134v-34.134z",
          "M153.594 230.038h-34.134v34.134h34.134v-34.134z",
          "M790.872 453.102c-9.198-12.408-22.698-20.394-38.024-22.546-15.394-2.184-30.584 1.859-42.874 11.264l-40.074 30.72-60.725 45.347-43.453-17.306c77.483-34.765 131.638-112.266 131.638-202.243 0-122.336-99.928-221.87-222.758-221.87s-222.755 99.534-222.755 221.87c0 44.341 13.261 85.573 35.84 120.269l-88.442-0.768c-0.051 0-0.101 0-0.154 0-0.274 0-0.494 0.136-0.75 0.155-1.69 0.067-3.346 0.41-4.965 0.989-0.411 0.155-0.837 0.24-1.229 0.427-0.203 0.085-0.41 0.101-0.614 0.203l-103.459 51.082c-0.018 0-0.034 0-0.034 0.016l-60.589 29.136c-0.666 0.29-1.348 0.682-2.014 1.126-24.15 16.075-32.377 47.65-19.148 73.454 7.048 13.722 19.046 23.827 33.792 28.451 5.684 1.773 11.486 2.645 17.254 2.645 9.268 0 18.45-2.269 26.862-6.757l44.409-23.621 72.45-37.411 43.418-0.256-174.134 173.299c-0.016 0.018-0.034 0.018-0.052 0.034l-42.839 42.667c-10.12 10.070-15.684 23.432-15.684 37.685 0 14.234 5.564 27.63 15.684 37.718 10.394 10.342 24.064 15.53 37.735 15.53 13.688 0 27.34-5.187 37.769-15.53l42.053-41.883 55.707-41.592 28.826 28.706-56.373 56.133c-0.016 0.019-0.034 0.019-0.051 0.035l-42.839 42.666c-10.12 10.070-15.684 23.432-15.684 37.685 0 14.234 5.564 27.63 15.684 37.718 10.394 10.342 24.082 15.531 37.753 15.531s27.358-5.189 37.768-15.531l111.413-110.933c0.018-0.019 0.018-0.035 0.034-0.053l32.309-32-0.12-0.12c0.203-0.205 0.493-0.275 0.699-0.494l165.31-181.062 111.072 15.803c0.802 0.12 1.605 0.171 2.406 0.171 2.066 0 4.062-0.494 5.99-1.229 0.563-0.203 1.058-0.478 1.587-0.75 0.614-0.307 1.262-0.477 1.845-0.869l102.827-68.267c0.376-0.256 0.581-0.667 0.938-0.939 0.411-0.323 0.923-0.459 1.296-0.819l40.686-38.11c21.171-19.837 24.090-52.331 6.782-75.576zM68.173 568.645c-5.546 2.97-11.844 3.566-17.868 1.656-5.974-1.861-10.82-5.941-13.654-11.453-5.154-10.035-2.168-22.256 6.86-28.859l42.037-20.226 14.37 42.002-31.744 16.88zM180.082 510.158l-49.546 25.6-14.044-41.064 64.855-32.019-1.266 47.483zM663.262 298.304c0 29.389-7.014 57.107-19.166 81.904l-133.803-60.774c-1.402-18.347-10.923-34.406-25.226-44.41l46.85-155.53c76.085 24.202 131.346 95.183 131.346 178.81zM286.016 298.304c0-103.51 84.618-187.736 188.624-187.736 8.090 0 16.008 0.682 23.842 1.672l-45.824 152.119c-0.614-0.018-1.195-0.189-1.827-0.189-33.042 0-59.922 26.795-59.922 59.736 0 32.938 26.88 59.734 59.922 59.734 22.221 0 41.421-12.27 51.781-30.227l123.598 56.152c-34.39 46.285-89.43 76.477-151.573 76.477-104.003 0-188.621-84.226-188.621-187.738zM476.619 323.906c0 14.114-11.571 25.6-25.789 25.6-14.216 0-25.787-11.486-25.787-25.6 0-14.115 11.571-25.602 25.787-25.602 14.218 0 25.789 11.486 25.789 25.602zM78.875 804.68c-7.56 7.493-19.798 7.477-27.34 0.018-3.636-3.635-5.632-8.429-5.632-13.533 0-5.086 1.996-9.883 5.632-13.483l30.786-30.67 27.238 27.12-30.684 30.549zM181.718 924.15c-7.56 7.491-19.814 7.51-27.358 0.018-3.636-3.635-5.632-8.43-5.632-13.534 0-5.086 1.996-9.882 5.632-13.482l30.806-30.686 27.258 27.12-30.706 30.565zM293.133 813.147c-0.018 0.016-0.034 0.016-0.053 0.034l-56.474 56.32-27.258-27.12 56.424-56.166c0 0 0 0 0-0.016 0.018-0.018 0.034-0.018 0.051-0.034 1.28-1.28 2.082-2.816 2.869-4.334 0.221-0.445 0.648-0.821 0.835-1.28 0.53-1.314 0.614-2.73 0.821-4.115 0.101-0.786 0.443-1.517 0.443-2.322 0-1.144-0.41-2.251-0.648-3.379-0.203-1.024-0.203-2.067-0.598-3.054-0.648-1.605-1.757-3.021-2.917-4.405-0.325-0.376-0.445-0.853-0.803-1.211 0 0 0 0-0.018 0-0.018-0.016-0.018-0.053-0.034-0.069l-51.422-51.2c-0.547-0.546-1.246-0.768-1.861-1.229-0.904-0.699-1.774-1.347-2.782-1.843-0.971-0.478-1.962-0.768-2.986-1.042-1.091-0.309-2.15-0.547-3.294-0.632-1.042-0.069-2.014 0.034-3.054 0.154-1.144 0.136-2.218 0.29-3.328 0.648-1.075 0.342-2.029 0.87-3.019 1.434-0.632 0.358-1.349 0.478-1.946 0.922l-56.748 42.362-28.826-28.707 76.768-76.357 139.539 137.237-29.682 29.406zM511.334 588.613c-0.494-0.067-0.957 0.12-1.45 0.086-1.246-0.069-2.44 0.018-3.686 0.222-0.973 0.17-1.894 0.357-2.816 0.682-1.093 0.376-2.083 0.888-3.091 1.502-0.955 0.579-1.826 1.194-2.661 1.962-0.411 0.358-0.904 0.53-1.28 0.938l-150.346 164.662-138.498-136.211 90.659-90.182c6.674-6.656 6.709-17.459 0.053-24.15-3.363-3.362-7.782-5.018-12.203-5v-0.016l-70.998 0.427 0.888-51.44 99.33 0.854c40.483 41.405 96.939 67.227 159.405 67.227 13.994 0 27.648-1.45 40.942-3.926 1.28 1.024 2.542 2.067 4.147 2.715l77.11 30.72 4.88 24.269 5.699 28.33-96.085-13.67zM640.65 594.314l-10.018-49.853 46.285-34.562 30.294 40.21-66.562 44.205zM760.766 503.722l-26.813 25.123-29.798-39.562 26.606-20.394c4.966-3.822 11.23-5.376 17.374-4.574 6.178 0.87 11.64 4.096 15.36 9.096 6.93 9.336 5.752 22.358-2.73 30.31z",
          "M435.267 593.41l-68.576-68.267c-6.638-6.638-17.426-6.638-24.082 0l-68.557 68.267c-3.208 3.226-5.019 7.56-5.019 12.099 0 4.541 1.792 8.893 5.019 12.101l68.557 68.267c3.328 3.31 7.698 4.966 12.050 4.966s8.72-1.656 12.032-4.966l68.576-68.267c3.208-3.208 5.034-7.56 5.034-12.101 0-4.539-1.81-8.891-5.034-12.099zM354.659 649.696l-44.374-44.187 44.374-44.186 44.39 44.186-44.39 44.187z",
          "M549.256 162.264l-8.243 33.146c2.27 0.563 55.605 14.456 55.605 68.763h34.134c-0.002-64.549-53.301-94.894-81.496-101.909z",
          "M630.752 298.304h-34.134v34.136h34.134v-34.136z"
        ],
        "attrs": [
          {
            "fill": "rgb(77, 90, 229)"
          },
          {
            "fill": "rgb(77, 90, 229)"
          },
          {
            "fill": "rgb(77, 90, 229)"
          },
          {
            "fill": "rgb(77, 90, 229)"
          },
          {
            "fill": "rgb(77, 90, 229)"
          },
          {
            "fill": "rgb(77, 90, 229)"
          },
          {
            "fill": "rgb(77, 90, 229)"
          },
          {
            "fill": "rgb(77, 90, 229)"
          },
          {
            "fill": "rgb(77, 90, 229)"
          },
          {
            "fill": "rgb(77, 90, 229)"
          },
          {
            "fill": "rgb(77, 90, 229)"
          },
          {
            "fill": "rgb(77, 90, 229)"
          },
          {
            "fill": "rgb(77, 90, 229)"
          },
          {
            "fill": "rgb(77, 90, 229)"
          },
          {
            "fill": "rgb(77, 90, 229)"
          },
          {
            "fill": "rgb(77, 90, 229)"
          },
          {
            "fill": "rgb(77, 90, 229)"
          },
          {
            "fill": "rgb(46, 47, 66)"
          },
          {
            "fill": "rgb(46, 47, 66)"
          },
          {
            "fill": "rgb(46, 47, 66)"
          },
          {
            "fill": "rgb(46, 47, 66)"
          }
        ],
        "isMulticolor": true,
        "isMulticolor2": false,
        "grid": 0,
        "tags": [
          "astronaut1"
        ],
        "colorPermutations": {
          "244244253146476616475191177902291": [
            {
              "f": 2
            },
            {
              "f": 2
            },
            {
              "f": 2
            },
            {
              "f": 2
            },
            {
              "f": 2
            },
            {
              "f": 2
            },
            {
              "f": 2
            },
            {
              "f": 2
            },
            {
              "f": 2
            },
            {
              "f": 2
            },
            {
              "f": 2
            },
            {
              "f": 2
            },
            {
              "f": 2
            },
            {
              "f": 2
            },
            {
              "f": 2
            },
            {
              "f": 2
            },
            {
              "f": 2
            },
            {
              "f": 0
            },
            {
              "f": 0
            },
            {
              "f": 0
            },
            {
              "f": 0
            }
          ]
        }
      },
      "attrs": [
        {
          "fill": "rgb(77, 90, 229)"
        },
        {
          "fill": "rgb(77, 90, 229)"
        },
        {
          "fill": "rgb(77, 90, 229)"
        },
        {
          "fill": "rgb(77, 90, 229)"
        },
        {
          "fill": "rgb(77, 90, 229)"
        },
        {
          "fill": "rgb(77, 90, 229)"
        },
        {
          "fill": "rgb(77, 90, 229)"
        },
        {
          "fill": "rgb(77, 90, 229)"
        },
        {
          "fill": "rgb(77, 90, 229)"
        },
        {
          "fill": "rgb(77, 90, 229)"
        },
        {
          "fill": "rgb(77, 90, 229)"
        },
        {
          "fill": "rgb(77, 90, 229)"
        },
        {
          "fill": "rgb(77, 90, 229)"
        },
        {
          "fill": "rgb(77, 90, 229)"
        },
        {
          "fill": "rgb(77, 90, 229)"
        },
        {
          "fill": "rgb(77, 90, 229)"
        },
        {
          "fill": "rgb(77, 90, 229)"
        },
        {
          "fill": "rgb(46, 47, 66)"
        },
        {
          "fill": "rgb(46, 47, 66)"
        },
        {
          "fill": "rgb(46, 47, 66)"
        },
        {
          "fill": "rgb(46, 47, 66)"
        }
      ],
      "properties": {
        "order": 44,
        "id": 10,
        "name": "astronaut1",
        "prevSize": 32
      },
      "setIdx": 0,
      "setId": 3,
      "iconIdx": 7
    },
    {
      "icon": {
        "paths": [
          "M1001.493 489.64c-0.054-270.475-219.368-489.695-489.853-489.64-270.475 0.055-489.695 219.374-489.64 489.851 0.047 213.054 137.82 401.634 340.781 466.438 1.938 0.61 3.954 0.922 5.978 0.914 3.859-0.008 7.64-1.038 10.96-3 4.32-2.555 7.547-6.618 9.062-11.406l123.68-392c33.813-0.171 61.078-27.726 60.899-61.531-0.173-33.813-27.72-61.078-61.531-60.906-9.094 0.038-18.070 2.133-26.243 6.125l-163.39-163.414c-8.109-7.829-21.024-7.602-28.851 0.499-7.642 7.915-7.642 20.446 0 28.36l163.304 163.493c-12.531 25.578-5.366 56.453 17.165 73.89l-117.845 373.531c-232.89-85.789-352.14-344.125-266.351-577.014 85.789-232.891 344.125-352.141 577.016-266.352 232.89 85.789 352.139 344.133 266.35 577.016-41.914 113.781-128.030 205.797-238.789 255.147l-12.734-59.976c-2.328-11.024-13.163-18.070-24.187-15.734-3.477 0.742-6.704 2.376-9.36 4.742l-122.781 109.618c-8.422 7.491-9.171 20.39-1.672 28.813 2.438 2.734 5.563 4.765 9.062 5.882l156.758 50.032c10.726 3.445 22.219-2.453 25.664-13.187 1.093-3.39 1.274-7 0.539-10.485l-12.515-58.851c181.258-76.414 298.944-254.149 298.523-450.853zM511.75 469.235c11.266 0 20.406 9.139 20.406 20.405 0 11.274-9.141 20.406-20.406 20.406-11.274 0-20.406-9.133-20.406-20.406 0-11.266 9.133-20.405 20.406-20.405zM578.962 944.883l69.89-62.344 19.29 90.891-89.179-28.547z",
          "M491.344 101.922v40.812c0 11.273 9.133 20.406 20.406 20.406 11.266 0 20.406-9.133 20.406-20.406v-40.812c0-11.266-9.141-20.406-20.406-20.406-11.274 0-20.406 9.141-20.406 20.406z",
          "M124.031 469.234c-11.273 0-20.406 9.141-20.406 20.406 0 11.274 9.133 20.406 20.406 20.406h40.812c11.274 0 20.406-9.133 20.406-20.406 0-11.266-9.133-20.406-20.406-20.406h-40.812z",
          "M899.459 510.046c11.274 0 20.406-9.133 20.406-20.406 0-11.266-9.133-20.406-20.406-20.406h-40.811c-11.266 0-20.406 9.141-20.406 20.406 0 11.274 9.141 20.406 20.406 20.406h40.811z"
        ],
        "attrs": [
          {
            "fill": "rgb(46, 47, 66)"
          },
          {
            "fill": "rgb(77, 90, 229)"
          },
          {
            "fill": "rgb(77, 90, 229)"
          },
          {
            "fill": "rgb(77, 90, 229)"
          }
        ],
        "isMulticolor": true,
        "isMulticolor2": false,
        "grid": 0,
        "tags": [
          "clock1"
        ],
        "colorPermutations": {
          "244244253146476616475191177902291": [
            {
              "f": 0
            },
            {
              "f": 2
            },
            {
              "f": 2
            },
            {
              "f": 2
            }
          ]
        }
      },
      "attrs": [
        {
          "fill": "rgb(46, 47, 66)"
        },
        {
          "fill": "rgb(77, 90, 229)"
        },
        {
          "fill": "rgb(77, 90, 229)"
        },
        {
          "fill": "rgb(77, 90, 229)"
        }
      ],
      "properties": {
        "order": 45,
        "id": 9,
        "name": "clock1",
        "prevSize": 32
      },
      "setIdx": 0,
      "setId": 3,
      "iconIdx": 8
    },
    {
      "icon": {
        "paths": [
          "M477.616 478.867h34.117v153.52h-34.117v-153.52z",
          "M614.078 547.098h34.115v85.29h-34.115v-85.29z",
          "M341.155 598.272h34.115v34.115h-34.115v-34.115z",
          "M238.808 581.213h34.115v51.173h-34.115v-51.173z",
          "M51.173 905.31h818.771c28.261 0 51.174-22.912 51.174-51.173v-68.23c0-28.261-22.914-51.173-51.174-51.173h-17.058v-425.386l96.891-91.786c22.488 11.085 49.707 4.355 64.424-15.958 14.726-20.306 12.661-48.267-4.88-66.191s-45.443-20.598-66.074-6.33c-20.622 14.276-27.952 41.337-17.358 64.066l-73.003 69.206v-39.355c0-28.261-22.912-51.173-51.173-51.173h-682.309c-28.26 0-51.173 22.912-51.173 51.173v511.733h-17.058c-28.26 0-51.173 22.912-51.173 51.173v68.23c0 28.261 22.913 51.173 51.173 51.173zM972.291 154.771c9.419 0 17.058 7.637 17.058 17.058 0 9.419-7.638 17.058-17.058 17.058-9.421 0-17.058-7.638-17.058-17.058 0-9.421 7.637-17.058 17.058-17.058zM102.346 223.002c0-9.419 7.638-17.058 17.058-17.058h682.309c9.419 0 17.058 7.638 17.058 17.058v71.637l-34.115 32.418v-69.939c0-9.419-7.638-17.058-17.058-17.058h-614.079c-9.42 0-17.058 7.638-17.058 17.058v426.443c0 9.421 7.638 17.058 17.058 17.058h614.079c9.419 0 17.058-7.637 17.058-17.058v-309.579l34.115-32.325v393.078h-716.425v-511.733zM255.866 444.752c-23.078-0.066-43.344 15.309-49.482 37.555-6.139 22.246 3.365 45.843 23.213 57.621 19.84 11.776 45.118 8.819 61.701-7.23l59.294 29.752c6.888 3.448 15.242 1.832 20.363-3.923l126.043-141.802 123.901 92.843c6.646 4.981 15.926 4.448 21.955-1.258l107.686-102.005v260.197h-579.963v-392.328h579.963v85.131l-120.688 114.29-124.942-93.667c-7.096-5.314-17.083-4.315-22.979 2.307l-127.774 143.766-47.768-23.888c0.35-2.048 0.566-4.114 0.651-6.189 0-28.259-22.914-51.173-51.174-51.173zM272.923 495.925c0 9.421-7.637 17.059-17.058 17.059-9.419 0-17.058-7.638-17.058-17.059 0-9.419 7.638-17.058 17.058-17.058 9.421 0 17.058 7.638 17.058 17.058zM375.27 768.85h170.578v17.058c0 9.419-7.638 17.058-17.058 17.058h-136.462c-9.421 0-17.058-7.638-17.058-17.058v-17.058zM34.116 785.907c0-9.421 7.638-17.058 17.058-17.058h289.982v17.058c0 28.261 22.912 51.173 51.173 51.173h136.462c28.259 0 51.173-22.912 51.173-51.173v-17.058h289.981c9.421 0 17.058 7.637 17.058 17.058v68.23c0 9.421-7.637 17.058-17.058 17.058h-818.771c-9.42 0-17.058-7.637-17.058-17.058v-68.23z"
        ],
        "attrs": [
          {
            "fill": "rgb(77, 90, 229)"
          },
          {
            "fill": "rgb(77, 90, 229)"
          },
          {
            "fill": "rgb(77, 90, 229)"
          },
          {
            "fill": "rgb(77, 90, 229)"
          },
          {
            "fill": "rgb(46, 47, 66)"
          }
        ],
        "isMulticolor": true,
        "isMulticolor2": false,
        "grid": 0,
        "tags": [
          "diagram1"
        ],
        "colorPermutations": {
          "244244253146476616475191177902291": [
            {
              "f": 2
            },
            {
              "f": 2
            },
            {
              "f": 2
            },
            {
              "f": 2
            },
            {
              "f": 0
            }
          ]
        }
      },
      "attrs": [
        {
          "fill": "rgb(77, 90, 229)"
        },
        {
          "fill": "rgb(77, 90, 229)"
        },
        {
          "fill": "rgb(77, 90, 229)"
        },
        {
          "fill": "rgb(77, 90, 229)"
        },
        {
          "fill": "rgb(46, 47, 66)"
        }
      ],
      "properties": {
        "order": 46,
        "id": 8,
        "name": "diagram1",
        "prevSize": 32
      },
      "setIdx": 0,
      "setId": 3,
      "iconIdx": 9
    },
    {
      "icon": {
        "paths": [
          "M682.541 170.023h93.485v-162.816c-16.128-2.219-71.597-7.211-136.195-7.211-134.784 0-227.114 84.779-227.114 240.597v143.403h-148.737v182.016h148.737v457.981h182.357v-457.939h142.718l22.656-182.016h-165.417v-125.398c0.043-52.608 14.208-88.618 87.51-88.618z"
        ],
        "attrs": [
          {
            "fill": "rgb(244, 244, 253)"
          }
        ],
        "isMulticolor": false,
        "isMulticolor2": false,
        "grid": 0,
        "tags": [
          "facebook_2"
        ],
        "colorPermutations": {
          "244244253146476616475191177902291": [
            {
              "f": 3
            }
          ]
        }
      },
      "attrs": [
        {
          "fill": "rgb(244, 244, 253)"
        }
      ],
      "properties": {
        "order": 47,
        "id": 7,
        "name": "facebook_2",
        "prevSize": 32
      },
      "setIdx": 0,
      "setId": 3,
      "iconIdx": 10
    },
    {
      "icon": {
        "paths": [
          "M1022.995 301.055c-2.4-54.409-11.2-91.814-23.802-124.227-13.005-34.405-33.005-65.208-59.213-90.815-25.606-26.005-56.614-46.212-90.618-59.011-32.602-12.604-69.811-21.403-124.224-23.801-54.816-2.602-72.218-3.204-211.243-3.204-139.027 0-156.429 0.602-211.041 3.001-54.41 2.399-91.815 11.205-124.22 23.802-34.413 13.003-65.216 33.006-90.822 59.215-26.005 25.606-46.204 56.612-59.012 90.62-12.604 32.608-21.403 69.811-23.801 124.22-2.602 54.815-3.204 72.217-3.204 211.244s0.602 156.429 3.001 211.040c2.399 54.413 11.205 91.814 23.809 124.23 13.002 34.406 33.202 65.21 59.207 90.816 25.606 26.003 56.612 46.208 90.619 59.008 32.608 12.602 69.811 21.402 124.227 23.802 54.605 2.406 72.014 3.002 211.041 3.002 139.028 0 156.43-0.595 211.041-3.002 54.406-2.4 91.814-11.2 124.218-23.802 68.819-26.605 123.226-81.018 149.837-149.824 12.595-32.608 21.402-69.818 23.802-124.23 2.4-54.611 3.002-72.013 3.002-211.040s-0.205-156.429-2.605-211.041zM930.784 719.136c-2.208 50.010-10.605 77.018-17.606 95.021-17.21 44.608-52.614 80.013-97.222 97.222-18.003 7.002-45.203 15.398-95.021 17.594-54.010 2.406-70.208 3.002-206.835 3.002-136.628 0-153.030-0.595-206.845-3.002-50.010-2.195-77.014-10.592-95.018-17.594-22.2-8.205-42.406-21.21-58.808-38.214-17.004-16.602-30.006-36.608-38.211-58.81-7.002-18.003-15.402-45.21-17.597-95.014-2.407-54.010-3.001-70.221-3.001-206.846 0-136.628 0.594-153.030 3.001-206.837 2.195-50.010 10.595-77.015 17.597-95.019 8.205-22.207 21.207-42.406 38.414-58.816 16.596-17.004 36.6-30.006 58.808-38.203 18.003-7.002 45.212-15.402 95.018-17.605 54.010-2.399 70.217-3 206.837-3 136.828 0 153.027 0.602 206.844 3 50.010 2.204 77.018 10.604 95.021 17.605 22.195 8.197 42.406 21.199 58.81 38.203 16.998 16.605 30.003 36.609 38.208 58.816 7.002 18.004 15.398 45.204 17.606 95.019 2.4 54.010 3.002 70.209 3.002 206.837 0 136.625-0.602 152.632-3.002 206.641z",
          "M513.899 249.043c-145.224 0-263.052 117.82-263.052 263.051s117.828 263.055 263.052 263.055c145.231 0 263.048-117.824 263.048-263.055s-117.818-263.051-263.048-263.051zM513.899 682.726c-94.214 0-170.635-76.411-170.635-170.632s76.421-170.635 170.635-170.635c94.221 0 170.632 76.413 170.632 170.635s-76.411 170.632-170.632 170.632z",
          "M848.768 238.645c0 33.913-27.494 61.411-61.414 61.411-33.914 0-61.414-27.498-61.414-61.411 0-33.921 27.501-61.411 61.414-61.411 33.92 0 61.414 27.49 61.414 61.411z"
        ],
        "attrs": [
          {
            "fill": "rgb(244, 244, 253)"
          },
          {
            "fill": "rgb(244, 244, 253)"
          },
          {
            "fill": "rgb(244, 244, 253)"
          }
        ],
        "isMulticolor": false,
        "isMulticolor2": false,
        "grid": 0,
        "tags": [
          "instagram_2"
        ],
        "colorPermutations": {
          "244244253146476616475191177902291": [
            {
              "f": 3
            },
            {
              "f": 3
            },
            {
              "f": 3
            }
          ]
        }
      },
      "attrs": [
        {
          "fill": "rgb(244, 244, 253)"
        },
        {
          "fill": "rgb(244, 244, 253)"
        },
        {
          "fill": "rgb(244, 244, 253)"
        }
      ],
      "properties": {
        "order": 48,
        "id": 6,
        "name": "instagram_2",
        "prevSize": 32
      },
      "setIdx": 0,
      "setId": 3,
      "iconIdx": 11
    },
    {
      "icon": {
        "paths": [
          "M1023.75 1024v-0.045h0.256v-375.552c0-183.722-39.552-325.247-254.336-325.247-103.251 0-172.545 56.661-200.833 110.378h-2.986v-93.226h-203.649v683.647h212.054v-338.515c0-89.132 16.896-175.318 127.273-175.318 108.762 0 110.381 101.717 110.381 181.034v332.845h211.84z",
          "M16.898 340.348h212.309v683.646h-212.309v-683.646z",
          "M122.969-0.004c-67.882 0-122.965 55.083-122.965 122.965s55.083 124.118 122.965 124.118c67.883 0 122.966-56.235 122.966-124.118-0.043-67.882-55.126-122.965-122.966-122.965v0z"
        ],
        "attrs": [
          {
            "fill": "rgb(244, 244, 253)"
          },
          {
            "fill": "rgb(244, 244, 253)"
          },
          {
            "fill": "rgb(244, 244, 253)"
          }
        ],
        "isMulticolor": false,
        "isMulticolor2": false,
        "grid": 0,
        "tags": [
          "linkedin_2"
        ],
        "colorPermutations": {
          "244244253146476616475191177902291": [
            {
              "f": 3
            },
            {
              "f": 3
            },
            {
              "f": 3
            }
          ]
        }
      },
      "attrs": [
        {
          "fill": "rgb(244, 244, 253)"
        },
        {
          "fill": "rgb(244, 244, 253)"
        },
        {
          "fill": "rgb(244, 244, 253)"
        }
      ],
      "properties": {
        "order": 49,
        "id": 5,
        "name": "linkedin_2",
        "prevSize": 32
      },
      "setIdx": 0,
      "setId": 3,
      "iconIdx": 12
    },
    {
      "icon": {
        "paths": [
          "M1024 194.492c-38.080 16.704-78.656 27.776-120.96 33.152 43.52-25.984 76.736-66.816 92.352-116.032-40.576 24.192-85.376 41.28-133.12 50.816-38.528-41.024-93.44-66.432-153.344-66.432-116.224 0-209.792 94.336-209.792 209.984 0 16.64 1.408 32.64 4.864 47.872-174.528-8.512-328.96-92.16-432.704-219.584-18.112 31.424-28.736 67.392-28.736 106.112 0 72.704 37.44 137.152 93.248 174.464-33.728-0.64-66.816-10.432-94.848-25.856 0 0.64 0 1.472 0 2.304 0 102.016 72.768 186.752 168.192 206.272-17.088 4.672-35.712 6.912-55.040 6.912-13.44 0-27.008-0.768-39.744-3.584 27.2 83.133 104.384 144.253 196.16 146.237-71.424 55.872-162.112 89.536-260.288 89.536-17.216 0-33.728-0.768-50.24-2.88 92.992 59.968 203.2 94.208 322.048 94.208 386.304 0 597.504-319.997 597.504-597.373 0-9.28-0.32-18.24-0.768-27.136 41.664-29.568 76.672-66.496 105.216-108.992z"
        ],
        "attrs": [
          {
            "fill": "rgb(244, 244, 253)"
          }
        ],
        "isMulticolor": false,
        "isMulticolor2": false,
        "grid": 0,
        "tags": [
          "twitter_2"
        ],
        "colorPermutations": {
          "244244253146476616475191177902291": [
            {
              "f": 3
            }
          ]
        }
      },
      "attrs": [
        {
          "fill": "rgb(244, 244, 253)"
        }
      ],
      "properties": {
        "order": 50,
        "id": 4,
        "name": "twitter_2",
        "prevSize": 32
      },
      "setIdx": 0,
      "setId": 3,
      "iconIdx": 13
    }
  ],
  "height": 1024,
  "preferences": {
    "showGlyphs": true,
    "showQuickUse": true,
    "showQuickUse2": true,
    "showSVGs": true,
    "fontPref": {
      "prefix": "icon-",
      "metadata": {
        "fontFamily": "icomoon"
      },
      "metrics": {
        "emSize": 1024,
        "baseline": 6.25,
        "whitespace": 50
      },
      "embed": false
    },
    "imagePref": {
      "prefix": "icon-",
      "png": true,
      "useClassSelector": true,
      "color": 0,
      "bgColor": 16777215,
      "classSelector": ".icon",
      "name": "icomoon",
      "height": 32,
      "columns": 16,
      "margin": 16
    },
    "historySize": 50,
    "showCodes": true,
    "gridSize": 16,
    "showGrid": false
  }
}